step	dice_multi
0	0.4957306295452747
1	0.49624747726205076
2	0.7959009947587977
3	0.8057993361164304
4	0.8035275193221424
5	0.8022556380463203
