step	dice_multi
0	0.4961363482596653
1	0.4961363482596653
2	0.7149015281777983
3	0.8669020371566389
4	0.8705790940009291
5	0.8814475303989282
6	0.8802887561027468
7	0.8821216975249474
8	0.8821334879471492
