step	loss
0	0.08808497339487076
1	0.05575307086110115
2	0.04278232529759407
3	0.042404551059007645
4	0.044086843729019165
5	0.04096049815416336
