step	loss
0	0.3361436128616333
1	0.07226786762475967
2	0.04335996136069298
3	0.02763230912387371
4	0.024506067857146263
5	0.022652847692370415
6	0.0228531826287508
7	0.022616779431700706
8	0.022612789645791054
