step	loss
0	0.08335141092538834
1	0.0527433417737484
2	0.02678196132183075
3	0.02690563164651394
4	0.018588120117783546
5	0.016697872430086136
6	0.016142146661877632
7	0.01532956026494503
8	0.014898964203894138
