step	loss
0	0.5215694308280945
1	0.12757302820682526
2	0.09760406613349915
3	0.07528769224882126
4	0.06074750795960426
5	0.051543232053518295
6	0.04491506889462471
7	0.03998998552560806
8	0.036328013986349106
