step	loss
0	0.32266026735305786
1	0.07819093763828278
2	0.0590071827173233
3	0.04831451550126076
4	0.0414620041847229
5	0.03651835024356842
6	0.033277273178100586
7	0.030674586072564125
8	0.02866661362349987
