step	loss
0	0.3254832625389099
1	0.07854562997817993
2	0.05599899962544441
3	0.04401570186018944
4	0.03733216971158981
5	0.033026356250047684
