{
    "train": {
        "loss": 0.033026356250047684
    },
    "eval": {
        "loss": 0.04096049815416336
    },
    "dice_multi": 0.8022556380463203,
    "step": 5
}
