{
    "train": {
        "loss": 0.02866661362349987
    },
    "eval": {
        "loss": 0.014898964203894138
    },
    "dice_multi": 0.918958228524782,
    "step": 8
}
