{
    "train": {
        "loss": 0.036328013986349106
    },
    "eval": {
        "loss": 0.022612789645791054
    },
    "dice_multi": 0.8821334879471492,
    "step": 8,
    "evaluate/dice_multi": 0.8638619025452355
}
